<?xml version="1.0" encoding="UTF-8"?>
<flashtool-config version="2.0">
  <general>
    <chip-name>MT6573</chip-name>
    <storage-type>NAND</storage-type>
    <download-agent>MTK_AllInOne_DA.bin</download-agent>
    <scatter>/proj/mtk81019/MY_LOAD/ztemt73v3_2_ALPS.GB.TDFD.p82_eng/MT6573_Android_scatter.txt</scatter>
    <rom-list>
        <rom index="0" enable="true">
        /proj/mtk81019/MY_LOAD/ztemt73v2_ALPS.GB.FDD2.p37_eng/preloader_ztemt73v2.bin
        </rom>
        <rom index="1" enable="true">
	/proj/mtk81019/MY_LOAD/ztemt73v2_ALPS.GB.FDD2.p37_eng/DSP_BL        
	</rom>
        <rom index="4" enable="true">
	/proj/mtk81019/MY_LOAD/ztemt73v2_ALPS.GB.FDD2.p37_eng/uboot_ztemt73v2.bin        
	</rom>
        <rom index="5" enable="true">
	/proj/mtk81019/MY_LOAD/ztemt73v2_ALPS.GB.FDD2.p37_eng/boot.img
        </rom>
        <rom index="6" enable="true">
	/proj/mtk81019/MY_LOAD/ztemt73v2_ALPS.GB.FDD2.p37_eng/recovery.img
        </rom>
        <rom index="7" enable="true">
	/proj/mtk81019/MY_LOAD/ztemt73v2_ALPS.GB.FDD2.p37_eng/secro.img
        </rom>
        <rom index="9" enable="true">
	/proj/mtk81019/MY_LOAD/ztemt73v2_ALPS.GB.FDD2.p37_eng/logo.bin
        </rom>
        <rom index="11" enable="true">
	/proj/mtk81019/MY_LOAD/ztemt73v2_ALPS.GB.FDD2.p37_eng/system.img
        </rom>
        <rom index="13" enable="true">
	/proj/mtk81019/MY_LOAD/ztemt73v2_ALPS.GB.FDD2.p37_eng/userdata.img
        </rom>
    </rom-list>
    <connection type="BromUART" port="/dev/ttyUSB0"/> 
 </general>
  <commands>
    <!--auto format flag: FormatAll, FormatNVRAM,FormatExcept_BL_NVRAM-->
    <format validation="false" physical="false" erase-flag="NormalErase" auto-format="true" auto-format-flag="FormatAll">
      <!--<begin-addr>0x00000000</begin-addr>
      <length>0x20000000</length>-->
    </format>
    <da-download-all>
    </da-download-all>
  </commands>
</flashtool-config>
