<?xml version="1.0" encoding="UTF-8"?>
<platform-table> 
  <platform name="MT6573_S00"
		simple_name="MT6573"
		dl_auto_detect_battery="false"
		image_lock_support="false"
		usb_highspeed_support="true"
		logical_addr_support="true"
		alert_no_com_port="false"
		auto_format_support="true"
		default_bmt_blocks="80"
		firmware_upgrade_enable="true"
		default_da_dl_all_hs="false"
		is_default_set_format_length="true"	
		auto_format_all_support = "true"/>

  <platform name="MT6573_S01"
		simple_name="MT6573"
		dl_auto_detect_battery="false"
		image_lock_support="false"
		usb_highspeed_support="true"
		logical_addr_support="true"
		alert_no_com_port="false"
		auto_format_support="true"
		default_bmt_blocks="80"
		firmware_upgrade_enable="true"
		default_da_dl_all_hs="true"
		is_default_set_format_length="true"	
		auto_format_all_support = "true"/>

  <platform name="MT6575_S00"
		simple_name="MT6575"
		dl_auto_detect_battery="true"
		image_lock_support="false"
		usb_highspeed_support="true"
		logical_addr_support="true"
		alert_no_com_port="false"
		auto_format_support="true"
		default_bmt_blocks="80"
		firmware_upgrade_enable="true"
		default_da_dl_all_hs="true"
		is_default_set_format_length="true"		
		auto_format_all_support = "true"/>

  <platform name="MT6575_S01"
		simple_name="MT6575"
		dl_auto_detect_battery="true"
		nand_util_support="false"
		image_lock_support="false"
		usb_highspeed_support="true"
		logical_addr_support="true"
		alert_no_com_port="false"
		auto_format_support="true"
		default_bmt_blocks="80"
		firmware_upgrade_enable="true"
		default_da_dl_all_hs="true"
		is_default_set_format_length="true"		
		auto_format_all_support = "true"/>
		
  <platform name="MT6577_S00"
		simple_name="MT6577"
		dl_auto_detect_battery="true"
		nand_util_support="false"
		image_lock_support="false"
		usb_highspeed_support="true"
		logical_addr_support="true"
		alert_no_com_port="false"
		auto_format_support="true"
		default_bmt_blocks="80"
		firmware_upgrade_enable="true"
		default_da_dl_all_hs="true"
		is_default_set_format_length="true"		
		auto_format_all_support = "true"/>

    <platform name="MT6589_S00"
		simple_name="MT6589"
		dl_auto_detect_battery="true"
		nand_util_support="false"
		image_lock_support="false"
		usb_highspeed_support="true"
		logical_addr_support="true"
		alert_no_com_port="false"
		auto_format_support="true"
		default_bmt_blocks="80"
		firmware_upgrade_enable="true"
		default_da_dl_all_hs="true"
		is_default_set_format_length="true"	
		auto_format_all_support = "true"/>

    <platform name="MT6572_S00"
		simple_name="MT6572"
		dl_auto_detect_battery="true"
		nand_util_support="false"
		image_lock_support="false"
		usb_highspeed_support="true"
		logical_addr_support="true"
		alert_no_com_port="false"
		auto_format_support="true"
		default_bmt_blocks="80"
		firmware_upgrade_enable="true"
		default_da_dl_all_hs="true"
		is_default_set_format_length="true"	
		auto_format_all_support = "true"
    reset_key_configuration ="PH"/>    
  <!--PH = power+home, P = power key only-->
  
  <platform name="MT6571_S00"
		simple_name="MT6571"
		dl_auto_detect_battery="false"
		nand_util_support="false"
		image_lock_support="false"
		usb_highspeed_support="true"
		logical_addr_support="true"
		alert_no_com_port="false"
		auto_format_support="true"
		default_bmt_blocks="80"
		firmware_upgrade_enable="true"
		default_da_dl_all_hs="true"
		is_default_set_format_length="true"	
		auto_format_all_support = "true"
    reset_key_configuration ="PH"/>
  
    <platform name="MT6582_S00"
		simple_name="MT6582"
    dl_auto_detect_battery="true"
    nand_util_support="false"
    image_lock_support="false"
    usb_highspeed_support="true"
    logical_addr_support="true"
	  alert_no_com_port="false"
		auto_format_support="true"		
		default_bmt_blocks="80"		
		firmware_upgrade_enable="true"		
		default_da_dl_all_hs="true"
		is_default_set_format_length="true"		
		auto_format_all_support = "false"
    />  
     <platform name="MT8135_S00"
		simple_name="MT8135"
		dl_auto_detect_battery="true"
		nand_util_support="false"
		image_lock_support="false"
		usb_highspeed_support="true"
		logical_addr_support="true"
		alert_no_com_port="false"
		auto_format_support="true"
		default_bmt_blocks="80"
		firmware_upgrade_enable="true"
		default_da_dl_all_hs="true"
		is_default_set_format_length="true"
		auto_format_all_support = "true"
    />   
    
    <platform name="MT6592_S00"
		simple_name="MT6592"
    dl_auto_detect_battery="true"
    nand_util_support="false"
    image_lock_support="false"
    usb_highspeed_support="true"
    logical_addr_support="true"
	  alert_no_com_port="false"
		auto_format_support="true"		
		default_bmt_blocks="80"		
		firmware_upgrade_enable="true"		
		default_da_dl_all_hs="true"
		is_default_set_format_length="true"		
		auto_format_all_support = "true"
		is_auto_polling_enable="false"
    auto_polling_upper_limit="2"
    reset_key_configuration ="PH"
    />
</platform-table>
